idx,soc_value,component_index,mean,sdev,Q,is_sum,sum_mean,sum_sdev
0,[0.005 0.005 0.017],0,0.00256212017948593,6.0450953168849354e-06,1.9457855009489313e-05,0,,
0,[0.005 0.005 0.017],1,0.00010037297460558267,6.708001557898902e-07,1.9457855009489313e-05,0,,
0,[0.005 0.005 0.017],2,1.363986000085799e-05,1.0343580086387212e-06,1.9457855009489313e-05,0,,
0,[0.005 0.005 0.017],3,-0.004202369647709855,9.034936624569057e-06,1.9457855009489313e-05,0,,
0,[0.005 0.005 0.017],4,-0.00028042648514336446,9.808345969417631e-07,1.9457855009489313e-05,0,,
0,[0.005 0.005 0.017],5,-3.0043969253352444e-05,1.9559621871244234e-06,1.9457855009489313e-05,0,,
0,[0.005 0.005 0.017],6,0.00021230704665859426,2.047257344723952e-05,1.9457855009489313e-05,0,,
0,[0.005 0.005 0.017],7,1.6027544697331246e-06,1.722708750306719e-08,1.9457855009489313e-05,0,,
0,[0.005 0.005 0.017],8,1.522535181751039e-07,8.725043686120241e-09,1.9457855009489313e-05,0,,
0,[0.005 0.005 0.017],9,0.0006351661321678637,6.141228617179512e-05,1.9457855009489313e-05,0,,
0,[0.005 0.005 0.017],10,1.0872063870952776e-05,2.273012153735558e-07,1.9457855009489313e-05,0,,
0,[0.005 0.005 0.017],11,2.8122888204736285e-06,1.643930850359059e-07,1.9457855009489313e-05,0,,
0,[0.005 0.005 0.017],12,-5.134485647589393e-08,5.194211107429559e-08,1.9457855009489313e-05,0,,
0,[0.005 0.005 0.017],13,0.0004172622678111313,4.036769845614678e-06,1.9457855009489313e-05,0,,
0,[0.005 0.005 0.017],14,4.243972394656378e-06,3.5977251700755634e-08,1.9457855009489313e-05,0,,
0,[0.005 0.005 0.017],15,1.1284047955203682e-05,9.345716080458287e-07,1.9457855009489313e-05,0,,
0,[0.005 0.005 0.017],16,1.7315662825767314e-08,6.86181462119817e-10,1.9457855009489313e-05,0,,
0,[0.005 0.005 0.017],17,-1.0542880814019386e-09,5.030673508604632e-11,1.9457855009489313e-05,0,,
0,[0.005 0.005 0.017],18,-2.4154604589683668e-08,1.049939115670969e-09,1.9457855009489313e-05,0,,
0,[0.005 0.005 0.017],19,0.0012555860766120563,1.8695156976572941e-06,1.9457855009489313e-05,0,,
0,[0.005 0.005 0.017],20,0.0001842474589011136,6.683571520925861e-07,1.9457855009489313e-05,0,,
0,[0.005 0.005 0.017],21,4.990181332149586e-06,1.6317270182018412e-07,1.9457855009489313e-05,0,,
0,[0.005 0.005 0.017],22,-4.3693222398075445e-09,2.8592190411854263e-10,1.9457855009489313e-05,0,,
0,[0.005 0.005 0.017],23,1.2067774369811394e-09,2.2632200888599455e-10,1.9457855009489313e-05,0,,
0,[0.005 0.005 0.017],24,0.00030888789750913845,3.917344445894449e-05,1.9457855009489313e-05,0,,
0,[0.005 0.005 0.017],25,-8.586966125621431e-08,1.038545862318769e-08,1.9457855009489313e-05,0,,
0,[0.005 0.005 0.017],26,-2.113458714732212e-09,1.1486426997526584e-10,1.9457855009489313e-05,0,,
0,[0.005 0.005 0.017],27,5.134202762688741e-09,1.441518426687734e-09,1.9457855009489313e-05,0,,
0,[0.005 0.005 0.017],28,-3.104129292583462e-09,1.3452181145927223e-09,1.9457855009489313e-05,0,,
0,[0.005 0.005 0.017],29,-3.9550000518446125e-05,2.8207907519846573e-06,1.9457855009489313e-05,0,,
0,[0.005 0.005 0.017],30,-0.0005654680934579256,6.035244438777881e-05,1.9457855009489313e-05,0,,
0,[0.005 0.005 0.017],31,-2.721138994919828e-13,2.2593761544708634e-14,1.9457855009489313e-05,0,,
0,[0.005 0.005 0.017],32,-2.2124049466231775e-14,1.368362728693505e-15,1.9457855009489313e-05,0,,
0,[0.005 0.005 0.017],33,1.2912605479268901e-08,3.454543026461282e-09,1.9457855009489313e-05,0,,
0,[0.005 0.005 0.017],34,-5.3687610381335555e-14,3.2812720522724402e-15,1.9457855009489313e-05,0,,
0,[0.005 0.005 0.017],35,-1.4561149453586792e-09,9.529601641425235e-11,1.9457855009489313e-05,0,,
0,[0.005 0.005 0.017],36,8.08631829135239e-13,3.1809516365961423e-13,1.9457855009489313e-05,0,,
0,[0.005 0.005 0.017],37,-1.867498662281414e-09,3.589982840005179e-10,1.9457855009489313e-05,0,,
0,[0.005 0.005 0.017],38,4.014726377528158e-10,7.529211598242376e-11,1.9457855009489313e-05,0,,
0,[0.005 0.005 0.017],39,0.00010295158749789401,1.305677123954789e-05,1.9457855009489313e-05,0,,
0,[0.005 0.005 0.017],40,-1.0028399163652436e-10,1.4280379416119254e-12,1.9457855009489313e-05,0,,
0,[0.005 0.005 0.017],41,-3.0128755665818506e-12,2.36097196110711e-13,1.9457855009489313e-05,0,,
0,[0.005 0.005 0.017],42,-4.8827957524447445e-12,1.9584283218027647e-13,1.9457855009489313e-05,0,,
0,[0.005 0.005 0.017],43,2.0736269602614964e-12,9.400180136863316e-14,1.9457855009489313e-05,0,,
0,[0.005 0.005 0.017],44,-3.3008710434925145e-10,1.9894274060134658e-11,1.9457855009489313e-05,0,,
0,[0.005 0.005 0.017],45,-5.704099005598815e-08,6.923421926592273e-09,1.9457855009489313e-05,0,,
0,[0.005 0.005 0.017],46,-4.932064825115017e-12,2.1196388160190793e-13,1.9457855009489313e-05,0,,
0,[0.005 0.005 0.017],47,-6.96541298069424e-10,3.825968047938341e-11,1.9457855009489313e-05,0,,
0,[0.005 0.005 0.017],48,-9.172665184298423e-12,1.1012812773562824e-12,1.9457855009489313e-05,0,,
0,[0.005 0.005 0.017],49,1.0869119974363647e-11,8.861486091022329e-13,1.9457855009489313e-05,0,,
0,[0.005 0.005 0.017],50,-1.1372718071445483e-09,1.601296537696158e-10,1.9457855009489313e-05,0,,
0,[0.005 0.005 0.017],51,3.4460299800755748e-09,9.598496071936877e-10,1.9457855009489313e-05,0,,
0,[0.005 0.005 0.017],52,-1.047652510927359e-09,4.479208021297633e-10,1.9457855009489313e-05,0,,
0,[0.005 0.005 0.017],53,-1.3181866152562963e-05,9.40217634739097e-07,1.9457855009489313e-05,0,,
0,[0.005 0.005 0.017],54,-0.0001884625669526579,2.0115805949654084e-05,1.9457855009489313e-05,0,,
0,[0.005 0.005 0.017],sum,0.0005088011358164899,5.5170712462429435e-05,1.9457855009489313e-05,1,0.0005088011358164899,5.5170712462429435e-05
1,[0.01277778 0.01277778 0.04344444],0,0.0075197779264970415,1.1931879667028006e-05,8.66364559294736e-06,0,,
1,[0.01277778 0.01277778 0.04344444],1,0.0002410378986895664,1.6748667013323425e-06,8.66364559294736e-06,0,,
1,[0.01277778 0.01277778 0.04344444],2,7.720944356904192e-05,3.87240733964532e-06,8.66364559294736e-06,0,,
1,[0.01277778 0.01277778 0.04344444],3,-0.012923084052757555,2.197145325481277e-05,8.66364559294736e-06,0,,
1,[0.01277778 0.01277778 0.04344444],4,-0.0006935097517102174,2.4512596049344274e-06,8.66364559294736e-06,0,,
1,[0.01277778 0.01277778 0.04344444],5,-0.0001814247274216454,7.272511359865161e-06,8.66364559294736e-06,0,,
1,[0.01277778 0.01277778 0.04344444],6,0.0005494528477438427,3.683160321460958e-05,8.66364559294736e-06,0,,
1,[0.01277778 0.01277778 0.04344444],7,1.1325826476120844e-05,1.1770779429094725e-07,8.66364559294736e-06,0,,
1,[0.01277778 0.01277778 0.04344444],8,-1.6392289796814095e-07,2.7539072831722493e-07,8.66364559294736e-06,0,,
1,[0.01277778 0.01277778 0.04344444],9,0.0016371966401908108,0.00011038664585139245,8.66364559294736e-06,0,,
1,[0.01277778 0.01277778 0.04344444],10,2.7382532742181464e-05,6.438952663582538e-07,8.66364559294736e-06,0,,
1,[0.01277778 0.01277778 0.04344444],11,6.850915355203126e-06,3.9872318096343963e-07,8.66364559294736e-06,0,,
1,[0.01277778 0.01277778 0.04344444],12,-5.407818487730906e-07,2.201162134996959e-07,8.66364559294736e-06,0,,
1,[0.01277778 0.01277778 0.04344444],13,0.0023827919975094335,1.0507698968317761e-05,8.66364559294736e-06,0,,
1,[0.01277778 0.01277778 0.04344444],14,2.697172998761317e-05,1.6735611966477127e-07,8.66364559294736e-06,0,,
1,[0.01277778 0.01277778 0.04344444],15,7.926399101117533e-05,3.4190958511246882e-06,8.66364559294736e-06,0,,
1,[0.01277778 0.01277778 0.04344444],16,6.549095605635024e-07,1.4606724643618676e-08,8.66364559294736e-06,0,,
1,[0.01277778 0.01277778 0.04344444],17,-5.218084085629646e-08,1.6720135075547677e-09,8.66364559294736e-06,0,,
1,[0.01277778 0.01277778 0.04344444],18,-9.113256212984795e-07,2.1959132165559902e-08,8.66364559294736e-06,0,,
1,[0.01277778 0.01277778 0.04344444],19,0.0031020068153463877,3.890644629380498e-06,8.66364559294736e-06,0,,
1,[0.01277778 0.01277778 0.04344444],20,0.00044610504997136713,1.630311084193985e-06,8.66364559294736e-06,0,,
1,[0.01277778 0.01277778 0.04344444],21,2.4240272902888975e-05,9.635291164197784e-07,8.66364559294736e-06,0,,
1,[0.01277778 0.01277778 0.04344444],22,-7.315848524633708e-08,4.5186602959305906e-09,8.66364559294736e-06,0,,
1,[0.01277778 0.01277778 0.04344444],23,3.540727568011534e-08,2.3328109989497964e-09,8.66364559294736e-06,0,,
1,[0.01277778 0.01277778 0.04344444],24,0.0008890513473472413,6.993460121143828e-05,8.66364559294736e-06,0,,
1,[0.01277778 0.01277778 0.04344444],25,-1.5537937923765813e-06,1.7268019868087792e-07,8.66364559294736e-06,0,,
1,[0.01277778 0.01277778 0.04344444],26,-3.318500543980255e-08,1.622221125875655e-09,8.66364559294736e-06,0,,
1,[0.01277778 0.01277778 0.04344444],27,2.845188783397803e-07,3.605123145212838e-08,8.66364559294736e-06,0,,
1,[0.01277778 0.01277778 0.04344444],28,-2.2149948463034013e-07,3.41233672188219e-08,8.66364559294736e-06,0,,
1,[0.01277778 0.01277778 0.04344444],29,-0.00011149568725189267,7.303906167489798e-06,8.66364559294736e-06,0,,
1,[0.01277778 0.01277778 0.04344444],30,-0.0016147148654571057,0.00010474618399259193,8.66364559294736e-06,0,,
1,[0.01277778 0.01277778 0.04344444],31,-2.3161340332017915e-11,1.9902213348038366e-12,8.66364559294736e-06,0,,
1,[0.01277778 0.01277778 0.04344444],32,-2.1961436612032818e-12,1.092077160718151e-13,8.66364559294736e-06,0,,
1,[0.01277778 0.01277778 0.04344444],33,2.093828339430019e-07,6.177066160546274e-08,8.66364559294736e-06,0,,
1,[0.01277778 0.01277778 0.04344444],34,-7.205496975825486e-12,3.3064782932710393e-13,8.66364559294736e-06,0,,
1,[0.01277778 0.01277778 0.04344444],35,-2.4355794923798525e-08,1.5052209986084396e-09,8.66364559294736e-06,0,,
1,[0.01277778 0.01277778 0.04344444],36,2.877461986113225e-10,3.486440653178416e-11,8.66364559294736e-06,0,,
1,[0.01277778 0.01277778 0.04344444],37,-8.435197256568513e-08,8.940947434927869e-09,8.66364559294736e-06,0,,
1,[0.01277778 0.01277778 0.04344444],38,1.151687517350718e-08,7.609697407974268e-10,8.66364559294736e-06,0,,
1,[0.01277778 0.01277778 0.04344444],39,0.00029622541835346277,2.3298857337964707e-05,8.66364559294736e-06,0,,
1,[0.01277778 0.01277778 0.04344444],40,-4.543438200379904e-09,6.581182208415674e-11,8.66364559294736e-06,0,,
1,[0.01277778 0.01277778 0.04344444],41,-1.0606591509238231e-10,9.162448388594629e-12,8.66364559294736e-06,0,,
1,[0.01277778 0.01277778 0.04344444],42,-1.79610902653313e-10,5.0330339512003185e-12,8.66364559294736e-06,0,,
1,[0.01277778 0.01277778 0.04344444],43,8.079663091771573e-11,2.4096175087840867e-12,8.66364559294736e-06,0,,
1,[0.01277778 0.01277778 0.04344444],44,-5.0403158715467444e-09,2.94729686658574e-10,8.66364559294736e-06,0,,
1,[0.01277778 0.01277778 0.04344444],45,-1.0265960409424233e-06,1.1510430286199612e-07,8.66364559294736e-06,0,,
1,[0.01277778 0.01277778 0.04344444],46,-1.986576493826494e-10,7.061241487630581e-12,8.66364559294736e-06,0,,
1,[0.01277778 0.01277778 0.04344444],47,-1.0756944914169662e-08,5.390457695211141e-10,8.66364559294736e-06,0,,
1,[0.01277778 0.01277778 0.04344444],48,7.595850428884661e-10,2.2584440528613425e-10,8.66364559294736e-06,0,,
1,[0.01277778 0.01277778 0.04344444],49,-1.2758212362753044e-10,1.926541960424921e-10,8.66364559294736e-06,0,,
1,[0.01277778 0.01277778 0.04344444],50,-4.381051711770816e-08,3.912578338549985e-09,8.66364559294736e-06,0,,
1,[0.01277778 0.01277778 0.04344444],51,1.8833969316933293e-07,2.3740963653167443e-08,8.66364559294736e-06,0,,
1,[0.01277778 0.01277778 0.04344444],52,-7.378637605557372e-08,1.1243026752211622e-08,8.66364559294736e-06,0,,
1,[0.01277778 0.01277778 0.04344444],53,-3.711637826245692e-05,2.433104735082977e-06,8.66364559294736e-06,0,,
1,[0.01277778 0.01277778 0.04344444],54,-0.0005378191602700845,3.489452430316042e-05,8.66364559294736e-06,0,,
1,[0.01277778 0.01277778 0.04344444],sum,0.0012142874999504097,0.0001084072394964485,8.66364559294736e-06,1,0.0012142874999504097,0.0001084072394964485
2,[0.02055556 0.02055556 0.06988889],0,0.013422380368662347,2.139436804860103e-05,0.00012446738475691284,0,,
2,[0.02055556 0.02055556 0.06988889],1,0.00037613271979474534,2.8521777028136105e-06,0.00012446738475691284,0,,
2,[0.02055556 0.02055556 0.06988889],2,0.0001894291267211191,7.70116775835444e-06,0.00012446738475691284,0,,
2,[0.02055556 0.02055556 0.06988889],3,-0.023805650744799126,3.492732035214152e-05,0.00012446738475691284,0,,
2,[0.02055556 0.02055556 0.06988889],4,-0.0011019067527653552,4.0360871647729606e-06,0.00012446738475691284,0,,
2,[0.02055556 0.02055556 0.06988889],5,-0.0004582126537065358,1.4018197972302994e-05,0.00012446738475691284,0,,
2,[0.02055556 0.02055556 0.06988889],6,0.0007724668921286231,4.526691853994135e-05,0.00012446738475691284,0,,
2,[0.02055556 0.02055556 0.06988889],7,2.9973634261119543e-05,3.0347682631360594e-07,0.00012446738475691284,0,,
2,[0.02055556 0.02055556 0.06988889],8,-2.0407116268709814e-06,1.2218831411495452e-06,0.00012446738475691284,0,,
2,[0.02055556 0.02055556 0.06988889],9,0.002289467753601666,0.00013544570978452474,0.00012446738475691284,0,,
2,[0.02055556 0.02055556 0.06988889],10,4.2235358283017185e-05,1.0796839368725062e-06,0.00012446738475691284,0,,
2,[0.02055556 0.02055556 0.06988889],11,1.0503732447480714e-05,5.414630907057194e-07,0.00012446738475691284,0,,
2,[0.02055556 0.02055556 0.06988889],12,-5.6208115057799275e-08,4.769044389251218e-07,0.00012446738475691284,0,,
2,[0.02055556 0.02055556 0.06988889],13,0.0056716097580621445,1.6437211493321247e-05,0.00012446738475691284,0,,
2,[0.02055556 0.02055556 0.06988889],14,7.122946021493636e-05,4.1229030050654876e-07,0.00012446738475691284,0,,
2,[0.02055556 0.02055556 0.06988889],15,0.00021089900655019372,6.42745033165939e-06,0.00012446738475691284,0,,
2,[0.02055556 0.02055556 0.06988889],16,3.4713121990847228e-06,6.800407165197883e-08,0.00012446738475691284,0,,
2,[0.02055556 0.02055556 0.06988889],17,-3.2853535445980727e-07,9.506518918461152e-09,0.00012446738475691284,0,,
2,[0.02055556 0.02055556 0.06988889],18,-4.784038324921341e-06,1.0086479146264421e-07,0.00012446738475691284,0,,
2,[0.02055556 0.02055556 0.06988889],19,0.004834895381799121,6.944173392735107e-06,0.00012446738475691284,0,,
2,[0.02055556 0.02055556 0.06988889],20,0.0006863843054564161,2.3628798167702087e-06,0.00012446738475691284,0,,
2,[0.02055556 0.02055556 0.06988889],21,6.249993441512237e-05,1.948153390276321e-06,0.00012446738475691284,0,,
2,[0.02055556 0.02055556 0.06988889],22,-3.307035812948347e-07,1.8847303325481156e-08,0.00012446738475691284,0,,
2,[0.02055556 0.02055556 0.06988889],23,1.0829195410584497e-07,9.185113205524971e-09,0.00012446738475691284,0,,
2,[0.02055556 0.02055556 0.06988889],24,0.0011935881037815643,9.061268585665528e-05,0.00012446738475691284,0,,
2,[0.02055556 0.02055556 0.06988889],25,-4.704260005779238e-06,3.7969397862479735e-07,0.00012446738475691284,0,,
2,[0.02055556 0.02055556 0.06988889],26,-1.5288916609656036e-07,7.789065931373284e-09,0.00012446738475691284,0,,
2,[0.02055556 0.02055556 0.06988889],27,9.454358513763768e-07,1.2587042806302406e-07,0.00012446738475691284,0,,
2,[0.02055556 0.02055556 0.06988889],28,-7.748006367308859e-07,1.186222596148282e-07,0.00012446738475691284,0,,
2,[0.02055556 0.02055556 0.06988889],29,-0.00018925646818953828,1.3231514888801096e-05,0.00012446738475691284,0,,
2,[0.02055556 0.02055556 0.06988889],30,-0.0022762820209429714,0.00012894972311629566,0.00012446738475691284,0,,
2,[0.02055556 0.02055556 0.06988889],31,-3.0589795446735673e-10,2.8536733371208273e-11,0.00012446738475691284,0,,
2,[0.02055556 0.02055556 0.06988889],32,-2.2963251744590596e-11,1.0678468402010837e-12,0.00012446738475691284,0,,
2,[0.02055556 0.02055556 0.06988889],33,1.0687905957231668e-06,1.2723621477188987e-07,0.00012446738475691284,0,,
2,[0.02055556 0.02055556 0.06988889],34,-6.905534110152551e-11,3.061167382108748e-12,0.00012446738475691284,0,,
2,[0.02055556 0.02055556 0.06988889],35,-1.0985957377904403e-07,6.2675111283343174e-09,0.00012446738475691284,0,,
2,[0.02055556 0.02055556 0.06988889],36,2.8307213196642288e-09,5.377862567520454e-10,0.00012446738475691284,0,,
2,[0.02055556 0.02055556 0.06988889],37,-2.6348588880274906e-07,2.970394459329447e-08,0.00012446738475691284,0,,
2,[0.02055556 0.02055556 0.06988889],38,3.328955996965164e-08,2.8377021903526787e-09,0.00012446738475691284,0,,
2,[0.02055556 0.02055556 0.06988889],39,0.0003970573965819479,3.016509570475862e-05,0.00012446738475691284,0,,
2,[0.02055556 0.02055556 0.06988889],40,-3.057031783753779e-08,4.625677986913315e-10,0.00012446738475691284,0,,
2,[0.02055556 0.02055556 0.06988889],41,-7.985738390439828e-10,6.441422773873799e-11,0.00012446738475691284,0,,
2,[0.02055556 0.02055556 0.06988889],42,-1.1801892292451775e-09,3.04469866499331e-11,0.00012446738475691284,0,,
2,[0.02055556 0.02055556 0.06988889],43,5.215850106930725e-10,1.4977069815405222e-11,0.00012446738475691284,0,,
2,[0.02055556 0.02055556 0.06988889],44,-2.3880382688058017e-08,1.3524901025181472e-09,0.00012446738475691284,0,,
2,[0.02055556 0.02055556 0.06988889],45,-3.073852512005444e-06,2.5299375207123917e-07,0.00012446738475691284,0,,
2,[0.02055556 0.02055556 0.06988889],46,-1.3197791945477727e-09,4.5856597675668186e-11,0.00012446738475691284,0,,
2,[0.02055556 0.02055556 0.06988889],47,-4.8844702333820306e-08,2.5753399358060707e-09,0.00012446738475691284,0,,
2,[0.02055556 0.02055556 0.06988889],48,6.0953726930839866e-09,1.4835985295137373e-09,0.00012446738475691284,0,,
2,[0.02055556 0.02055556 0.06988889],49,-1.941499486802665e-09,1.1905120594897263e-09,0.00012446738475691284,0,,
2,[0.02055556 0.02055556 0.06988889],50,-1.4014381775056776e-07,1.3036519893881024e-08,0.00012446738475691284,0,,
2,[0.02055556 0.02055556 0.06988889],51,6.19280011666553e-07,8.198520741841494e-08,0.00012446738475691284,0,,
2,[0.02055556 0.02055556 0.06988889],52,-2.5684696441053207e-07,3.8668402445987366e-08,0.00012446738475691284,0,,
2,[0.02055556 0.02055556 0.06988889],53,-6.292146520108073e-05,4.405779969559776e-06,0.00012446738475691284,0,,
2,[0.02055556 0.02055556 0.06988889],54,-0.0007575333873987339,4.292570425475421e-05,0.00012446738475691284,0,,
2,[0.02055556 0.02055556 0.06988889],sum,0.0015981200186800596,0.0001448501613110612,0.00012446738475691284,1,0.0015981200186800596,0.0001448501613110612
3,[0.02833333 0.02833333 0.09633333],0,0.014248251061075636,0.007659418170125835,0.2550363156378782,0,,
3,[0.02833333 0.02833333 0.09633333],1,0.0005047346399202333,6.737312203893291e-06,0.2550363156378782,0,,
3,[0.02833333 0.02833333 0.09633333],2,0.0003722292873602611,1.4338753186516164e-05,0.2550363156378782,0,,
3,[0.02833333 0.02833333 0.09633333],3,-0.033562402933241996,0.004179750144590442,0.2550363156378782,0,,
3,[0.02833333 0.02833333 0.09633333],4,-0.001489198689363181,1.0346551186754539e-05,0.2550363156378782,0,,
3,[0.02833333 0.02833333 0.09633333],5,-0.0008794207444802281,2.506912745828651e-05,0.2550363156378782,0,,
3,[0.02833333 0.02833333 0.09633333],6,0.0011006741730305546,6.532508598668057e-05,0.2550363156378782,0,,
3,[0.02833333 0.02833333 0.09633333],7,5.984876961496131e-05,8.088215028027223e-07,0.2550363156378782,0,,
3,[0.02833333 0.02833333 0.09633333],8,-1.1357915355454894e-05,3.152844786857338e-06,0.2550363156378782,0,,
3,[0.02833333 0.02833333 0.09633333],9,0.0032535316643062997,0.00019494851436749843,0.2550363156378782,0,,
3,[0.02833333 0.02833333 0.09633333],10,5.7588997063355454e-05,1.6882630080692518e-06,0.2550363156378782,0,,
3,[0.02833333 0.02833333 0.09633333],11,1.3646815304774478e-05,8.54098278267605e-07,0.2550363156378782,0,,
3,[0.02833333 0.02833333 0.09633333],12,-2.4989285409910265e-06,1.2185326212054058e-06,0.2550363156378782,0,,
3,[0.02833333 0.02833333 0.09633333],13,0.012450007395524352,0.0027621245144276007,0.2550363156378782,0,,
3,[0.02833333 0.02833333 0.09633333],14,0.00013665417195473495,9.722931635275091e-07,0.2550363156378782,0,,
3,[0.02833333 0.02833333 0.09633333],15,0.0004114730351815512,1.2395640129566332e-05,0.2550363156378782,0,,
3,[0.02833333 0.02833333 0.09633333],16,1.0797837075861114e-05,2.406609378378391e-07,0.2550363156378782,0,,
3,[0.02833333 0.02833333 0.09633333],17,-1.1207951028793968e-06,3.275260470423906e-08,0.2550363156378782,0,,
3,[0.02833333 0.02833333 0.09633333],18,-1.4831658277148783e-05,3.453018757195238e-07,0.2550363156378782,0,,
3,[0.02833333 0.02833333 0.09633333],19,0.007026113633455304,0.0007187993053719898,0.2550363156378782,0,,
3,[0.02833333 0.02833333 0.09633333],20,0.00088987111806875,1.3233287853846543e-05,0.2550363156378782,0,,
3,[0.02833333 0.02833333 0.09633333],21,0.00010305329443766678,4.224856289985022e-06,0.2550363156378782,0,,
3,[0.02833333 0.02833333 0.09633333],22,-8.617487860718826e-07,4.241642150346969e-08,0.2550363156378782,0,,
3,[0.02833333 0.02833333 0.09633333],23,3.512955750203218e-07,2.372692598248276e-08,0.2550363156378782,0,,
3,[0.02833333 0.02833333 0.09633333],24,0.0016212387724153787,0.00012919714100437544,0.2550363156378782,0,,
3,[0.02833333 0.02833333 0.09633333],25,-1.3098142392396762e-05,5.918760191640567e-07,0.2550363156378782,0,,
3,[0.02833333 0.02833333 0.09633333],26,-4.1776226117730147e-07,1.786184635521807e-08,0.2550363156378782,0,,
3,[0.02833333 0.02833333 0.09633333],27,3.535327210252025e-06,4.1630950019415556e-07,0.2550363156378782,0,,
3,[0.02833333 0.02833333 0.09633333],28,-2.9666023287098006e-06,4.1061992274848775e-07,0.2550363156378782,0,,
3,[0.02833333 0.02833333 0.09633333],29,-0.0002698955365276646,1.5754653783445755e-05,0.2550363156378782,0,,
3,[0.02833333 0.02833333 0.09633333],30,-0.0033051232888054033,0.00019097490119671223,0.2550363156378782,0,,
3,[0.02833333 0.02833333 0.09633333],31,-1.7521903010650267e-09,1.5962953842401304e-10,0.2550363156378782,0,,
3,[0.02833333 0.02833333 0.09633333],32,-1.0866535373814067e-10,5.687507349512722e-12,0.2550363156378782,0,,
3,[0.02833333 0.02833333 0.09633333],33,2.6663096375175205e-06,1.3716078897585498e-07,0.2550363156378782,0,,
3,[0.02833333 0.02833333 0.09633333],34,-3.834198092176382e-10,2.0166929766453692e-11,0.2550363156378782,0,,
3,[0.02833333 0.02833333 0.09633333],35,-2.851139852677027e-07,1.4069147305855012e-08,0.2550363156378782,0,,
3,[0.02833333 0.02833333 0.09633333],36,1.1964348377148494e-08,1.8676246536001386e-09,0.2550363156378782,0,,
3,[0.02833333 0.02833333 0.09633333],37,-9.448879693834534e-07,1.0221124798268706e-07,0.2550363156378782,0,,
3,[0.02833333 0.02833333 0.09633333],38,1.0524284201726132e-07,7.0661784365675605e-09,0.2550363156378782,0,,
3,[0.02833333 0.02833333 0.09633333],39,0.0005386915024778005,4.2962770728042625e-05,0.2550363156378782,0,,
3,[0.02833333 0.02833333 0.09633333],40,-1.1292035693808199e-07,2.0927374977154524e-09,0.2550363156378782,0,,
3,[0.02833333 0.02833333 0.09633333],41,-3.5364328364229064e-09,3.110674492049011e-10,0.2550363156378782,0,,
3,[0.02833333 0.02833333 0.09633333],42,-3.2544786559737144e-09,2.814735590029603e-10,0.2550363156378782,0,,
3,[0.02833333 0.02833333 0.09633333],43,1.8915852455017466e-09,1.0132327696114306e-10,0.2550363156378782,0,,
3,[0.02833333 0.02833333 0.09633333],44,-6.345818912284759e-08,3.139911981764842e-09,0.2550363156378782,0,,
3,[0.02833333 0.02833333 0.09633333],45,-8.502999734841216e-06,3.9280579134035013e-07,0.2550363156378782,0,,
3,[0.02833333 0.02833333 0.09633333],46,-4.598111585668293e-09,1.8780908005119414e-10,0.2550363156378782,0,,
3,[0.02833333 0.02833333 0.09633333],47,-1.3111954266687865e-07,5.84215500703373e-09,0.2550363156378782,0,,
3,[0.02833333 0.02833333 0.09633333],48,6.563659599531282e-08,1.3665347666519256e-08,0.2550363156378782,0,,
3,[0.02833333 0.02833333 0.09633333],49,-4.072476410019287e-08,1.2638665078409162e-08,0.2550363156378782,0,,
3,[0.02833333 0.02833333 0.09633333],50,-4.86338278181357e-07,4.477813316221072e-08,0.2550363156378782,0,,
3,[0.02833333 0.02833333 0.09633333],51,2.2288660935013453e-06,2.57387782808758e-07,0.2550363156378782,0,,
3,[0.02833333 0.02833333 0.09633333],52,-9.500342645720498e-07,1.2701230216831128e-07,0.2550363156378782,0,,
3,[0.02833333 0.02833333 0.09633333],53,-8.941538237821618e-05,5.235426604167135e-06,0.2550363156378782,0,,
3,[0.02833333 0.02833333 0.09633333],54,-0.0010985706961281537,6.350803829521254e-05,0.2550363156378782,0,,
3,[0.02833333 0.02833333 0.09633333],sum,0.0020546606478021087,0.0002112919248607111,0.2550363156378782,1,0.0020546606478021087,0.0002112919248607111
4,[0.03611111 0.03611111 0.12277778],0,0.03303435426864715,0.01594131708405459,0.0041940579776749394,0,,
4,[0.03611111 0.03611111 0.12277778],1,0.0006090333403955838,1.0635531908823514e-05,0.0041940579776749394,0,,
4,[0.03611111 0.03611111 0.12277778],2,0.0006115681466784364,2.0467257964787266e-05,0.0041940579776749394,0,,
4,[0.03611111 0.03611111 0.12277778],3,-0.05475675986230063,0.007816676397131987,0.0041940579776749394,0,,
4,[0.03611111 0.03611111 0.12277778],4,-0.001872142345218061,2.132114323300894e-05,0.0041940579776749394,0,,
4,[0.03611111 0.03611111 0.12277778],5,-0.0014641961373961128,3.604212669666384e-05,0.0041940579776749394,0,,
4,[0.03611111 0.03611111 0.12277778],6,0.0012957027391523356,7.040566042430346e-05,0.0041940579776749394,0,,
4,[0.03611111 0.03611111 0.12277778],7,9.92489146122106e-05,1.5164672231658842e-06,0.0041940579776749394,0,,
4,[0.03611111 0.03611111 0.12277778],8,-1.4589128458590741e-05,3.4293601310716806e-06,0.0041940579776749394,0,,
4,[0.03611111 0.03611111 0.12277778],9,0.003802448430751914,0.00020962029927964159,0.0041940579776749394,0,,
4,[0.03611111 0.03611111 0.12277778],10,7.248572782110417e-05,2.3434167147988086e-06,0.0041940579776749394,0,,
4,[0.03611111 0.03611111 0.12277778],11,1.6866466830385008e-05,9.258937291457734e-07,0.0041940579776749394,0,,
4,[0.03611111 0.03611111 0.12277778],12,-2.868712079473834e-06,1.3859943707350023e-06,0.0041940579776749394,0,,
4,[0.03611111 0.03611111 0.12277778],13,0.01430619070893165,0.00708735104949983,0.0041940579776749394,0,,
4,[0.03611111 0.03611111 0.12277778],14,0.00021981466943147513,2.569605245012841e-06,0.0041940579776749394,0,,
4,[0.03611111 0.03611111 0.12277778],15,0.0007131666780929097,1.8934443968324905e-05,0.0041940579776749394,0,,
4,[0.03611111 0.03611111 0.12277778],16,2.688582203542952e-05,5.776289164323575e-07,0.0041940579776749394,0,,
4,[0.03611111 0.03611111 0.12277778],17,-2.8343790177874344e-06,8.161412151296882e-08,0.0041940579776749394,0,,
4,[0.03611111 0.03611111 0.12277778],18,-3.5961682982727086e-05,8.220097576515746e-07,0.0041940579776749394,0,,
4,[0.03611111 0.03611111 0.12277778],19,0.007606786252917811,0.0010492814727378359,0.0041940579776749394,0,,
4,[0.03611111 0.03611111 0.12277778],20,0.0010967281143869686,2.6782477971362527e-05,0.0041940579776749394,0,,
4,[0.03611111 0.03611111 0.12277778],21,0.0001668168588176212,6.1440214155792336e-06,0.0041940579776749394,0,,
4,[0.03611111 0.03611111 0.12277778],22,-1.7257642786641154e-06,8.997520839879168e-08,0.0041940579776749394,0,,
4,[0.03611111 0.03611111 0.12277778],23,6.898551724564144e-07,4.719319480049684e-08,0.0041940579776749394,0,,
4,[0.03611111 0.03611111 0.12277778],24,0.0019145164044626977,0.00014107164833067774,0.0041940579776749394,0,,
4,[0.03611111 0.03611111 0.12277778],25,-2.459787261460544e-05,8.426940972512915e-07,0.0041940579776749394,0,,
4,[0.03611111 0.03611111 0.12277778],26,-8.412854416899663e-07,4.116092460569431e-08,0.0041940579776749394,0,,
4,[0.03611111 0.03611111 0.12277778],27,3.295800255631585e-06,4.0925739288925904e-07,0.0041940579776749394,0,,
4,[0.03611111 0.03611111 0.12277778],28,-2.2803010165965842e-06,3.893668052116134e-07,0.0041940579776749394,0,,
4,[0.03611111 0.03611111 0.12277778],29,-0.00034990327651870137,2.3536105535790366e-05,0.0041940579776749394,0,,
4,[0.03611111 0.03611111 0.12277778],30,-0.0037374688720009717,0.0002422910226003388,0.0041940579776749394,0,,
4,[0.03611111 0.03611111 0.12277778],31,-4.575807164364544e-09,4.1384463563135037e-10,0.0041940579776749394,0,,
4,[0.03611111 0.03611111 0.12277778],32,-3.506933380553326e-10,2.4444366985686433e-11,0.0041940579776749394,0,,
4,[0.03611111 0.03611111 0.12277778],33,4.927891255421195e-06,1.8760196961680667e-07,0.0041940579776749394,0,,
4,[0.03611111 0.03611111 0.12277778],34,-9.289287702521174e-10,1.90192198818154e-10,0.0041940579776749394,0,,
4,[0.03611111 0.03611111 0.12277778],35,-5.697500236044288e-07,2.990052705454158e-08,0.0041940579776749394,0,,
4,[0.03611111 0.03611111 0.12277778],36,2.955895573525427e-08,4.936557673567885e-09,0.0041940579776749394,0,,
4,[0.03611111 0.03611111 0.12277778],37,-1.0757034612381947e-06,1.2182483387421751e-07,0.0041940579776749394,0,,
4,[0.03611111 0.03611111 0.12277778],38,2.0074346188630668e-07,1.3807030072488332e-08,0.0041940579776749394,0,,
4,[0.03611111 0.03611111 0.12277778],39,0.0006343199472020167,4.689999937322072e-05,0.0041940579776749394,0,,
4,[0.03611111 0.03611111 0.12277778],40,-3.034296977835211e-07,5.981227040231872e-09,0.0041940579776749394,0,,
4,[0.03611111 0.03611111 0.12277778],41,-8.55468988148924e-09,7.727401034438594e-10,0.0041940579776749394,0,,
4,[0.03611111 0.03611111 0.12277778],42,-1.1338470521113191e-08,3.1408615984220582e-09,0.0041940579776749394,0,,
4,[0.03611111 0.03611111 0.12277778],43,3.860276783910895e-09,8.710241601981542e-10,0.0041940579776749394,0,,
4,[0.03611111 0.03611111 0.12277778],44,-1.2103269691220475e-07,1.2753316429625692e-08,0.0041940579776749394,0,,
4,[0.03611111 0.03611111 0.12277778],45,-1.5780383867587173e-05,5.575781913353038e-07,0.0041940579776749394,0,,
4,[0.03611111 0.03611111 0.12277778],46,-1.1428850598948508e-08,4.095653953864389e-10,0.0041940579776749394,0,,
4,[0.03611111 0.03611111 0.12277778],47,-2.604449400898261e-07,1.35379040605802e-08,0.0041940579776749394,0,,
4,[0.03611111 0.03611111 0.12277778],48,5.537594882223853e-08,1.3868017466473712e-08,0.0041940579776749394,0,,
4,[0.03611111 0.03611111 0.12277778],49,3.2755474675433638e-09,7.675272550836947e-09,0.0041940579776749394,0,,
4,[0.03611111 0.03611111 0.12277778],50,-5.820822861385389e-07,4.986372454450761e-08,0.0041940579776749394,0,,
4,[0.03611111 0.03611111 0.12277778],51,2.097786742617389e-06,2.66020271667903e-07,0.0041940579776749394,0,,
4,[0.03611111 0.03611111 0.12277778],52,-7.672361634537631e-07,1.2627326054824911e-07,0.0041940579776749394,0,,
4,[0.03611111 0.03611111 0.12277778],53,-0.00011593131051368127,7.827296152850458e-06,0.0041940579776749394,0,,
4,[0.03611111 0.03611111 0.12277778],54,-0.0012389816588105373,8.058292129917327e-05,0.0041940579776749394,0,,
4,[0.03611111 0.03611111 0.12277778],sum,0.0025976578095585987,0.00033194251672012513,0.0041940579776749394,1,0.0025976578095585987,0.00033194251672012513
5,[0.04388889 0.04388889 0.14922222],0,0.036681286938862634,0.0018572237136705858,0.29360107372481936,0,,
5,[0.04388889 0.04388889 0.14922222],1,0.0007210736625802922,5.670717691003109e-06,0.29360107372481936,0,,
5,[0.04388889 0.04388889 0.14922222],2,0.0009005789291888911,2.5179272189436664e-05,0.29360107372481936,0,,
5,[0.04388889 0.04388889 0.14922222],3,-0.07007814493573204,0.0008068906288440414,0.29360107372481936,0,,
5,[0.04388889 0.04388889 0.14922222],4,-0.0022399172016384123,8.123896737115622e-06,0.29360107372481936,0,,
5,[0.04388889 0.04388889 0.14922222],5,-0.0021176564491123323,4.740666463313179e-05,0.29360107372481936,0,,
5,[0.04388889 0.04388889 0.14922222],6,0.001395946926434236,6.713355508559157e-05,0.29360107372481936,0,,
5,[0.04388889 0.04388889 0.14922222],7,0.00015266924407222375,1.7158101085093956e-06,0.29360107372481936,0,,
5,[0.04388889 0.04388889 0.14922222],8,-4.0937955058979145e-05,7.995203974947493e-06,0.29360107372481936,0,,
5,[0.04388889 0.04388889 0.14922222],9,0.004076109489990623,0.00019888756956333768,0.29360107372481936,0,,
5,[0.04388889 0.04388889 0.14922222],10,9.051542366281361e-05,2.4891040527661315e-06,0.29360107372481936,0,,
5,[0.04388889 0.04388889 0.14922222],11,1.9535428143518023e-05,1.042439464054402e-06,0.29360107372481936,0,,
5,[0.04388889 0.04388889 0.14922222],12,-5.984203756677051e-06,1.696521366328959e-06,0.29360107372481936,0,,
5,[0.04388889 0.04388889 0.14922222],13,0.024272469082171295,0.0010019420440063554,0.29360107372481936,0,,
5,[0.04388889 0.04388889 0.14922222],14,0.00033100298309688184,1.6108449232680278e-06,0.29360107372481936,0,,
5,[0.04388889 0.04388889 0.14922222],15,0.00105301135973955,2.1902729354618636e-05,0.29360107372481936,0,,
5,[0.04388889 0.04388889 0.14922222],16,4.919808118372295e-05,8.459834537114603e-07,0.29360107372481936,0,,
5,[0.04388889 0.04388889 0.14922222],17,-5.341953383144373e-06,1.261657841276075e-07,0.29360107372481936,0,,
5,[0.04388889 0.04388889 0.14922222],18,-6.637150408921748e-05,1.236460803029341e-06,0.29360107372481936,0,,
5,[0.04388889 0.04388889 0.14922222],19,0.00934673710265356,5.831179341838929e-05,0.29360107372481936,0,,
5,[0.04388889 0.04388889 0.14922222],20,0.0012517887936045924,4.374313101997454e-06,0.29360107372481936,0,,
5,[0.04388889 0.04388889 0.14922222],21,0.00021248505278739858,6.7446884846064105e-06,0.29360107372481936,0,,
5,[0.04388889 0.04388889 0.14922222],22,-3.218740920994906e-06,1.6321508617943484e-07,0.29360107372481936,0,,
5,[0.04388889 0.04388889 0.14922222],23,1.0469682442471963e-06,9.681431227619521e-08,0.29360107372481936,0,,
5,[0.04388889 0.04388889 0.14922222],24,0.001975955014909764,0.0001370222676698778,0.29360107372481936,0,,
5,[0.04388889 0.04388889 0.14922222],25,-4.5683219691999025e-05,3.277200104314249e-06,0.29360107372481936,0,,
5,[0.04388889 0.04388889 0.14922222],26,-1.5889760255676488e-06,6.230687913165564e-08,0.29360107372481936,0,,
5,[0.04388889 0.04388889 0.14922222],27,7.770236673911521e-06,1.071422982225247e-06,0.29360107372481936,0,,
5,[0.04388889 0.04388889 0.14922222],28,-6.341097453007872e-06,1.014105465673506e-06,0.29360107372481936,0,,
5,[0.04388889 0.04388889 0.14922222],29,-0.00042537043844636786,2.255498798039854e-05,0.29360107372481936,0,,
5,[0.04388889 0.04388889 0.14922222],30,-0.004078435598748198,0.00018903978719228166,0.29360107372481936,0,,
5,[0.04388889 0.04388889 0.14922222],31,-1.3714702143352936e-08,9.416953674578796e-10,0.29360107372481936,0,,
5,[0.04388889 0.04388889 0.14922222],32,-8.506371769229764e-10,3.6161255910389097e-11,0.29360107372481936,0,,
5,[0.04388889 0.04388889 0.14922222],33,7.01656532191162e-06,1.0758655931925075e-06,0.29360107372481936,0,,
5,[0.04388889 0.04388889 0.14922222],34,-2.51129295212829e-09,1.033503636514774e-10,0.29360107372481936,0,,
5,[0.04388889 0.04388889 0.14922222],35,-1.0566876449544954e-06,5.385994489247973e-08,0.29360107372481936,0,,
5,[0.04388889 0.04388889 0.14922222],36,5.7677696662604306e-08,1.040555252326692e-08,0.29360107372481936,0,,
5,[0.04388889 0.04388889 0.14922222],37,-2.279022143684512e-06,2.413192677952182e-07,0.29360107372481936,0,,
5,[0.04388889 0.04388889 0.14922222],38,2.9216235523923705e-07,2.584309439806867e-08,0.29360107372481936,0,,
5,[0.04388889 0.04388889 0.14922222],39,0.0006539141283941169,4.543117576207914e-05,0.29360107372481936,0,,
5,[0.04388889 0.04388889 0.14922222],40,-6.913108660424456e-07,1.0579261472677277e-08,0.29360107372481936,0,,
5,[0.04388889 0.04388889 0.14922222],41,-2.0761810708821016e-08,1.3915864597987973e-09,0.29360107372481936,0,,
5,[0.04388889 0.04388889 0.14922222],42,-2.1056279861456896e-08,5.902909937647766e-10,0.29360107372481936,0,,
5,[0.04388889 0.04388889 0.14922222],43,8.125233127483486e-09,2.9877038355861023e-10,0.29360107372481936,0,,
5,[0.04388889 0.04388889 0.14922222],44,-2.3519672849353275e-07,1.0976849182868838e-08,0.29360107372481936,0,,
5,[0.04388889 0.04388889 0.14922222],45,-2.905180178416851e-05,2.1856002073882146e-06,0.29360107372481936,0,,
5,[0.04388889 0.04388889 0.14922222],46,-2.3948688230539927e-08,8.004612194919675e-10,0.29360107372481936,0,,
5,[0.04388889 0.04388889 0.14922222],47,-4.849481762762286e-07,2.0205954520724242e-08,0.29360107372481936,0,,
5,[0.04388889 0.04388889 0.14922222],48,2.4265994716860593e-07,9.511980999337502e-08,0.29360107372481936,0,,
5,[0.04388889 0.04388889 0.14922222],49,-1.5396392524718267e-07,7.810201256726956e-08,0.29360107372481936,0,,
5,[0.04388889 0.04388889 0.14922222],50,-1.1843734612453135e-06,1.051502833561206e-07,0.29360107372481936,0,,
5,[0.04388889 0.04388889 0.14922222],51,4.715894167077891e-06,6.172129015536548e-07,0.29360107372481936,0,,
5,[0.04388889 0.04388889 0.14922222],52,-1.96786045872448e-06,2.983227512255907e-07,0.29360107372481936,0,,
5,[0.04388889 0.04388889 0.14922222],53,-0.00014037057595245133,7.482278899636016e-06,0.29360107372481936,0,,
5,[0.04388889 0.04388889 0.14922222],54,-0.0013473105791193553,6.263945878573586e-05,0.29360107372481936,0,,
5,[0.04388889 0.04388889 0.14922222],sum,0.0025655664933867946,0.00022314344279998125,0.29360107372481936,1,0.0025655664933867946,0.00022314344279998125
6,[0.05166667 0.05166667 0.17566667],0,0.0494035992089204,0.0027011157909320065,0.2993238948310689,0,,
6,[0.05166667 0.05166667 0.17566667],1,0.000815531060886433,6.691187824369094e-06,0.2993238948310689,0,,
6,[0.05166667 0.05166667 0.17566667],2,0.0012150582424757415,3.0259337128091813e-05,0.2993238948310689,0,,
6,[0.05166667 0.05166667 0.17566667],3,-0.09165846934678776,0.0009758899085512876,0.2993238948310689,0,,
6,[0.05166667 0.05166667 0.17566667],4,-0.0025921705376838666,1.001056778289882e-05,0.2993238948310689,0,,
6,[0.05166667 0.05166667 0.17566667],5,-0.0028234622341706678,5.6620289457896234e-05,0.2993238948310689,0,,
6,[0.05166667 0.05166667 0.17566667],6,0.0016881057273517579,7.272252275971659e-05,0.2993238948310689,0,,
6,[0.05166667 0.05166667 0.17566667],7,0.00021569260819808588,2.5778719926731815e-06,0.2993238948310689,0,,
6,[0.05166667 0.05166667 0.17566667],8,-1.0809374904334158e-05,6.501585836073543e-06,0.2993238948310689,0,,
6,[0.05166667 0.05166667 0.17566667],9,0.004859433948901499,0.00021579170775454817,0.2993238948310689,0,,
6,[0.05166667 0.05166667 0.17566667],10,0.00010349753232690707,2.8981096407229444e-06,0.2993238948310689,0,,
6,[0.05166667 0.05166667 0.17566667],11,2.139222712625619e-05,1.2414081801138695e-06,0.2993238948310689,0,,
6,[0.05166667 0.05166667 0.17566667],12,-6.815271351483258e-06,2.6210906030596943e-06,0.2993238948310689,0,,
6,[0.05166667 0.05166667 0.17566667],13,0.03192521069733321,0.0016770187110450824,0.2993238948310689,0,,
6,[0.05166667 0.05166667 0.17566667],14,0.00045472581247971746,2.3859097696381666e-06,0.2993238948310689,0,,
6,[0.05166667 0.05166667 0.17566667],15,0.0014356194068822035,2.5700151873100635e-05,0.2993238948310689,0,,
6,[0.05166667 0.05166667 0.17566667],16,8.360090175747408e-05,1.598530419674774e-06,0.2993238948310689,0,,
6,[0.05166667 0.05166667 0.17566667],17,-9.63838803251735e-06,2.438934199131124e-07,0.2993238948310689,0,,
6,[0.05166667 0.05166667 0.17566667],18,-0.00011174143536644911,2.3212149449390507e-06,0.2993238948310689,0,,
6,[0.05166667 0.05166667 0.17566667],19,0.010556551137155352,6.209135565462034e-05,0.2993238948310689,0,,
6,[0.05166667 0.05166667 0.17566667],20,0.0013957287336503795,5.313508949602671e-06,0.2993238948310689,0,,
6,[0.05166667 0.05166667 0.17566667],21,0.00026408020637148287,9.81987254196944e-06,0.2993238948310689,0,,
6,[0.05166667 0.05166667 0.17566667],22,-4.8920482134131575e-06,2.7155145378906296e-07,0.2993238948310689,0,,
6,[0.05166667 0.05166667 0.17566667],23,1.755132637926291e-06,1.1063013364664545e-07,0.2993238948310689,0,,
6,[0.05166667 0.05166667 0.17566667],24,0.0023164371549914352,0.00015112094985117984,0.2993238948310689,0,,
6,[0.05166667 0.05166667 0.17566667],25,-6.942039074607937e-05,5.473016460244052e-06,0.2993238948310689,0,,
6,[0.05166667 0.05166667 0.17566667],26,-2.391477416088627e-06,9.888441834486972e-08,0.2993238948310689,0,,
6,[0.05166667 0.05166667 0.17566667],27,1.0721931321281489e-05,1.3602930047412078e-06,0.2993238948310689,0,,
6,[0.05166667 0.05166667 0.17566667],28,-7.713170028051385e-06,1.2313176446138643e-06,0.2993238948310689,0,,
6,[0.05166667 0.05166667 0.17566667],29,-0.00047426532641346616,2.5989980724876267e-05,0.2993238948310689,0,,
6,[0.05166667 0.05166667 0.17566667],30,-0.004626136152324584,0.0002102106839406242,0.2993238948310689,0,,
6,[0.05166667 0.05166667 0.17566667],31,-2.6862389103971346e-08,2.0541285911375036e-09,0.2993238948310689,0,,
6,[0.05166667 0.05166667 0.17566667],32,-1.7854872001213939e-09,7.81599772347105e-11,0.2993238948310689,0,,
6,[0.05166667 0.05166667 0.17566667],33,1.2322215169499953e-05,1.854319294983518e-06,0.2993238948310689,0,,
6,[0.05166667 0.05166667 0.17566667],34,-5.123948827153123e-09,2.0690111021549775e-10,0.2993238948310689,0,,
6,[0.05166667 0.05166667 0.17566667],35,-1.598696400008439e-06,8.962254072682185e-08,0.2993238948310689,0,,
6,[0.05166667 0.05166667 0.17566667],36,1.2986551625138405e-07,1.4758230640668156e-08,0.2993238948310689,0,,
6,[0.05166667 0.05166667 0.17566667],37,-3.026214406643203e-06,2.957107685160428e-07,0.2993238948310689,0,,
6,[0.05166667 0.05166667 0.17566667],38,4.569641836329059e-07,2.982226655439499e-08,0.2993238948310689,0,,
6,[0.05166667 0.05166667 0.17566667],39,0.0007628497175643692,5.009427898138466e-05,0.2993238948310689,0,,
6,[0.05166667 0.05166667 0.17566667],40,-1.3282036844984182e-06,2.055175349534425e-08,0.2993238948310689,0,,
6,[0.05166667 0.05166667 0.17566667],41,-3.407507897646873e-08,2.570187276223735e-09,0.2993238948310689,0,,
6,[0.05166667 0.05166667 0.17566667],42,-3.751400697290168e-08,1.0858176550543326e-09,0.2993238948310689,0,,
6,[0.05166667 0.05166667 0.17566667],43,1.3950677376359727e-08,5.613933500299189e-10,0.2993238948310689,0,,
6,[0.05166667 0.05166667 0.17566667],44,-3.498261013291396e-07,1.7734236616495508e-08,0.2993238948310689,0,,
6,[0.05166667 0.05166667 0.17566667],45,-4.358633912203285e-05,3.6515574977851887e-06,0.2993238948310689,0,,
6,[0.05166667 0.05166667 0.17566667],46,-4.2586859196243016e-08,1.5438232932351068e-09,0.2993238948310689,0,,
6,[0.05166667 0.05166667 0.17566667],47,-7.204972004216573e-07,3.201599730257254e-08,0.2993238948310689,0,,
6,[0.05166667 0.05166667 0.17566667],48,3.037623114656866e-07,1.0120193172250997e-07,0.2993238948310689,0,,
6,[0.05166667 0.05166667 0.17566667],49,-7.042330265527242e-08,8.076381619245857e-08,0.2993238948310689,0,,
6,[0.05166667 0.05166667 0.17566667],50,-1.6084340962569736e-06,1.2772645820050766e-07,0.2993238948310689,0,,
6,[0.05166667 0.05166667 0.17566667],51,6.577943600577771e-06,7.812271168831419e-07,0.2993238948310689,0,,
6,[0.05166667 0.05166667 0.17566667],52,-2.5145840492377893e-06,3.566672691036245e-07,0.2993238948310689,0,,
6,[0.05166667 0.05166667 0.17566667],53,-0.0001561301819320042,8.600978420859756e-06,0.2993238948310689,0,,
6,[0.05166667 0.05166667 0.17566667],54,-0.0015235411863517437,6.947288591471437e-05,0.2993238948310689,0,,
6,[0.05166667 0.05166667 0.17566667],sum,0.0034168484019348406,0.0002393714998067678,0.2993238948310689,1,0.0034168484019348406,0.0002393714998067678
7,[0.05944444 0.05944444 0.20211111],0,0.05413559394912926,0.000356165447999432,0.00366090565733,0,,
7,[0.05944444 0.05944444 0.20211111],1,0.0009154572660663119,1.3613691804068514e-05,0.00366090565733,0,,
7,[0.05944444 0.05944444 0.20211111],2,0.001602289418142044,5.7621397978394166e-05,0.00366090565733,0,,
7,[0.05944444 0.05944444 0.20211111],3,-0.11373228525845716,0.0007026100831802073,0.00366090565733,0,,
7,[0.05944444 0.05944444 0.20211111],4,-0.002971985333844991,1.9908851768965333e-05,0.00366090565733,0,,
7,[0.05944444 0.05944444 0.20211111],5,-0.003712607063411974,0.00010586795422122072,0.00366090565733,0,,
7,[0.05944444 0.05944444 0.20211111],6,0.001719881818875784,8.95888093657394e-05,0.00366090565733,0,,
7,[0.05944444 0.05944444 0.20211111],7,0.0002898032128332978,5.370930095673743e-06,0.00366090565733,0,,
7,[0.05944444 0.05944444 0.20211111],8,-3.972566928124829e-05,1.2537252720008119e-05,0.00366090565733,0,,
7,[0.05944444 0.05944444 0.20211111],9,0.004909567912947286,0.0002627423120474397,0.00366090565733,0,,
7,[0.05944444 0.05944444 0.20211111],10,0.00012378179540727967,5.002692113994794e-06,0.00366090565733,0,,
7,[0.05944444 0.05944444 0.20211111],11,2.6964633887759836e-05,1.646435851789451e-06,0.00366090565733,0,,
7,[0.05944444 0.05944444 0.20211111],12,-7.123444521330456e-06,3.1730370631626814e-06,0.00366090565733,0,,
7,[0.05944444 0.05944444 0.20211111],13,0.04794662676626086,0.00034236322330714793,0.00366090565733,0,,
7,[0.05944444 0.05944444 0.20211111],14,0.0006053793702527529,6.3734687524503015e-06,0.00366090565733,0,,
7,[0.05944444 0.05944444 0.20211111],15,0.0019067971098523507,5.049198096570774e-05,0.00366090565733,0,,
7,[0.05944444 0.05944444 0.20211111],16,0.00012487129100006094,3.3554775789191422e-06,0.00366090565733,0,,
7,[0.05944444 0.05944444 0.20211111],17,-1.4703284414167435e-05,5.723991207679519e-07,0.00366090565733,0,,
7,[0.05944444 0.05944444 0.20211111],18,-0.00016508320032449053,4.8353019539620896e-06,0.00366090565733,0,,
7,[0.05944444 0.05944444 0.20211111],19,0.011896538640624715,5.5818893853176954e-05,0.00366090565733,0,,
7,[0.05944444 0.05944444 0.20211111],20,0.0015467458836922554,9.374687258279624e-06,0.00366090565733,0,,
7,[0.05944444 0.05944444 0.20211111],21,0.0003472334020917593,1.6975818696282076e-05,0.00366090565733,0,,
7,[0.05944444 0.05944444 0.20211111],22,-8.329842473224425e-06,5.222892846951061e-07,0.00366090565733,0,,
7,[0.05944444 0.05944444 0.20211111],23,2.884398844594249e-06,2.427411596425783e-07,0.00366090565733,0,,
7,[0.05944444 0.05944444 0.20211111],24,0.002180211270528343,0.00017543220039441818,0.00366090565733,0,,
7,[0.05944444 0.05944444 0.20211111],25,-9.188994883781748e-05,3.4670580846555533e-06,0.00366090565733,0,,
7,[0.05944444 0.05944444 0.20211111],26,-4.005495360774627e-06,1.9627358680340875e-07,0.00366090565733,0,,
7,[0.05944444 0.05944444 0.20211111],27,1.433362293270888e-05,2.02811920406036e-06,0.00366090565733,0,,
7,[0.05944444 0.05944444 0.20211111],28,-1.0474011707927218e-05,1.8586412699888593e-06,0.00366090565733,0,,
7,[0.05944444 0.05944444 0.20211111],29,-0.0005845128364884937,3.541354591443754e-05,0.00366090565733,0,,
7,[0.05944444 0.05944444 0.20211111],30,-0.004768129426701423,0.00023896073256955217,0.00366090565733,0,,
7,[0.05944444 0.05944444 0.20211111],31,-5.29144420980084e-08,4.730906987440743e-09,0.00366090565733,0,,
7,[0.05944444 0.05944444 0.20211111],32,-3.120456979037355e-09,1.825267264277774e-10,0.00366090565733,0,,
7,[0.05944444 0.05944444 0.20211111],33,1.689006262062196e-05,7.512414271054549e-07,0.00366090565733,0,,
7,[0.05944444 0.05944444 0.20211111],34,-9.62589446285335e-09,4.734594803057086e-10,0.00366090565733,0,,
7,[0.05944444 0.05944444 0.20211111],35,-2.7140738211085606e-06,1.719582755334816e-07,0.00366090565733,0,,
7,[0.05944444 0.05944444 0.20211111],36,1.9786811883038302e-07,2.985289034320011e-08,0.00366090565733,0,,
7,[0.05944444 0.05944444 0.20211111],37,-4.415865025545479e-06,5.194079550017467e-07,0.00366090565733,0,,
7,[0.05944444 0.05944444 0.20211111],38,7.667186196722698e-07,6.563463129292754e-08,0.00366090565733,0,,
7,[0.05944444 0.05944444 0.20211111],39,0.0007142628925899178,5.786551407810531e-05,0.00366090565733,0,,
7,[0.05944444 0.05944444 0.20211111],40,-2.337001126883297e-06,6.483818286132177e-08,0.00366090565733,0,,
7,[0.05944444 0.05944444 0.20211111],41,-6.413594432146364e-08,5.0520962285188065e-09,0.00366090565733,0,,
7,[0.05944444 0.05944444 0.20211111],42,-6.305974719596302e-08,2.502061070463901e-09,0.00366090565733,0,,
7,[0.05944444 0.05944444 0.20211111],43,2.263274709988223e-08,1.2769106797699476e-09,0.00366090565733,0,,
7,[0.05944444 0.05944444 0.20211111],44,-6.028588573151301e-07,3.5331207497665695e-08,0.00366090565733,0,,
7,[0.05944444 0.05944444 0.20211111],45,-5.6522903889423553e-05,2.2616938646344527e-06,0.00366090565733,0,,
7,[0.05944444 0.05944444 0.20211111],46,-7.073299494623796e-08,3.1581886482720774e-09,0.00366090565733,0,,
7,[0.05944444 0.05944444 0.20211111],47,-1.2002961809882531e-06,6.360262888216751e-08,0.00366090565733,0,,
7,[0.05944444 0.05944444 0.20211111],48,4.2892614638767185e-07,1.096357791303162e-07,0.00366090565733,0,,
7,[0.05944444 0.05944444 0.20211111],49,-9.918811813304109e-08,8.403578974467856e-08,0.00366090565733,0,,
7,[0.05944444 0.05944444 0.20211111],50,-2.324222221419634e-06,2.218505452830712e-07,0.00366090565733,0,,
7,[0.05944444 0.05944444 0.20211111],51,8.760956076430322e-06,1.2420613300510656e-06,0.00366090565733,0,,
7,[0.05944444 0.05944444 0.20211111],52,-3.4147818649296963e-06,5.750415739269856e-07,0.00366090565733,0,,
7,[0.05944444 0.05944444 0.20211111],53,-0.000191910531084095,1.1697623295128751e-05,0.00366090565733,0,,
7,[0.05944444 0.05944444 0.20211111],54,-0.0015654955016612456,7.875132920177061e-05,0.00366090565733,0,,
7,[0.05944444 0.05944444 0.20211111],sum,0.0030941361911322723,0.0003226384251042658,0.00366090565733,1,0.0030941361911322723,0.0003226384251042658
8,[0.06722222 0.06722222 0.22855556],0,0.0863619932957174,0.03647312395781177,0.0006558000354342275,0,,
8,[0.06722222 0.06722222 0.22855556],1,0.0010308482127556154,9.860525054096376e-06,0.0006558000354342275,0,,
8,[0.06722222 0.06722222 0.22855556],2,0.002126397764729744,4.953058268881832e-05,0.0006558000354342275,0,,
8,[0.06722222 0.06722222 0.22855556],3,-0.14821326122439885,0.00859411564704462,0.0006558000354342275,0,,
8,[0.06722222 0.06722222 0.22855556],4,-0.003350286539540943,1.624486498378724e-05,0.0006558000354342275,0,,
8,[0.06722222 0.06722222 0.22855556],5,-0.004862289857477178,8.809232512692912e-05,0.0006558000354342275,0,,
8,[0.06722222 0.06722222 0.22855556],6,0.0019614898041410487,8.325956709535174e-05,0.0006558000354342275,0,,
8,[0.06722222 0.06722222 0.22855556],7,0.0003811578448432592,5.079737877180705e-06,0.0006558000354342275,0,,
8,[0.06722222 0.06722222 0.22855556],8,-1.892448644203386e-05,8.9437199972019e-06,0.0006558000354342275,0,,
8,[0.06722222 0.06722222 0.22855556],9,0.005522236005184494,0.00024579736287016395,0.0006558000354342275,0,,
8,[0.06722222 0.06722222 0.22855556],10,0.00013474424067820692,3.895104151026544e-06,0.0006558000354342275,0,,
8,[0.06722222 0.06722222 0.22855556],11,2.839029429018532e-05,1.4826429146911772e-06,0.0006558000354342275,0,,
8,[0.06722222 0.06722222 0.22855556],12,-1.1493093728388284e-05,3.82912398942924e-06,0.0006558000354342275,0,,
8,[0.06722222 0.06722222 0.22855556],13,0.049461589264036314,0.02730863089817007,0.0006558000354342275,0,,
8,[0.06722222 0.06722222 0.22855556],14,0.0007774639914867791,5.977962947222975e-06,0.0006558000354342275,0,,
8,[0.06722222 0.06722222 0.22855556],15,0.0024914185626891392,4.8007790630975595e-05,0.0006558000354342275,0,,
8,[0.06722222 0.06722222 0.22855556],16,0.00017406040845208536,3.843643662350821e-06,0.0006558000354342275,0,,
8,[0.06722222 0.06722222 0.22855556],17,-1.9580533277424385e-05,5.908773047560432e-07,0.0006558000354342275,0,,
8,[0.06722222 0.06722222 0.22855556],18,-0.0002332794436866037,5.520187148700158e-06,0.0006558000354342275,0,,
8,[0.06722222 0.06722222 0.22855556],19,0.012619851018625235,0.0005810345964431854,0.0006558000354342275,0,,
8,[0.06722222 0.06722222 0.22855556],20,0.0016467257568993322,1.681125689039093e-05,0.0006558000354342275,0,,
8,[0.06722222 0.06722222 0.22855556],21,0.00044327368465569775,1.5703946625334474e-05,0.0006558000354342275,0,,
8,[0.06722222 0.06722222 0.22855556],22,-9.699387506390338e-06,2.7172558247354644e-06,0.0006558000354342275,0,,
8,[0.06722222 0.06722222 0.22855556],23,3.313483696698087e-06,3.4021177285436123e-07,0.0006558000354342275,0,,
8,[0.06722222 0.06722222 0.22855556],24,0.002126176953380487,0.0001914228061834309,0.0006558000354342275,0,,
8,[0.06722222 0.06722222 0.22855556],25,-0.0002559376432488753,0.00013083358299217896,0.0006558000354342275,0,,
8,[0.06722222 0.06722222 0.22855556],26,-7.285885578554865e-06,6.878925968954461e-07,0.0006558000354342275,0,,
8,[0.06722222 0.06722222 0.22855556],27,1.434480704146739e-05,1.7804307830116644e-06,0.0006558000354342275,0,,
8,[0.06722222 0.06722222 0.22855556],28,-1.009015345201552e-05,1.5938985838570124e-06,0.0006558000354342275,0,,
8,[0.06722222 0.06722222 0.22855556],29,-0.000664312016310457,3.738077536542648e-05,0.0006558000354342275,0,,
8,[0.06722222 0.06722222 0.22855556],30,-0.005143103164190978,0.00023576542424733795,0.0006558000354342275,0,,
8,[0.06722222 0.06722222 0.22855556],31,-1.1027843823942261e-07,6.548506729955236e-09,0.0006558000354342275,0,,
8,[0.06722222 0.06722222 0.22855556],32,-5.928359280676058e-09,2.9303793156192393e-10,0.0006558000354342275,0,,
8,[0.06722222 0.06722222 0.22855556],33,-1.7378254255101472e-05,4.1313954706216876e-05,0.0006558000354342275,0,,
8,[0.06722222 0.06722222 0.22855556],34,-1.5482719856992255e-08,6.424168636476781e-10,0.0006558000354342275,0,,
8,[0.06722222 0.06722222 0.22855556],35,-3.1073680636747036e-06,9.055519401140244e-07,0.0006558000354342275,0,,
8,[0.06722222 0.06722222 0.22855556],36,2.5129940760613445e-07,4.7660562750925934e-08,0.0006558000354342275,0,,
8,[0.06722222 0.06722222 0.22855556],37,-4.7016218802726e-06,4.561230188776969e-07,0.0006558000354342275,0,,
8,[0.06722222 0.06722222 0.22855556],38,8.591235206678997e-07,8.58413881888692e-08,0.0006558000354342275,0,,
8,[0.06722222 0.06722222 0.22855556],39,0.0007308055272733637,6.513572267631029e-05,0.0006558000354342275,0,,
8,[0.06722222 0.06722222 0.22855556],40,-3.5973243015377916e-06,3.126916709078181e-07,0.0006558000354342275,0,,
8,[0.06722222 0.06722222 0.22855556],41,-1.1845153413450023e-07,8.162496113598568e-09,0.0006558000354342275,0,,
8,[0.06722222 0.06722222 0.22855556],42,-9.49872652420639e-08,3.294278903790678e-09,0.0006558000354342275,0,,
8,[0.06722222 0.06722222 0.22855556],43,3.201599152982702e-08,1.6555302542755204e-09,0.0006558000354342275,0,,
8,[0.06722222 0.06722222 0.22855556],44,-4.38022334394155e-07,1.5646388426839292e-07,0.0006558000354342275,0,,
8,[0.06722222 0.06722222 0.22855556],45,-0.00016333545921307958,8.782874221844405e-05,0.0006558000354342275,0,,
8,[0.06722222 0.06722222 0.22855556],46,-1.0701564699258916e-07,3.889730867568729e-09,0.0006558000354342275,0,,
8,[0.06722222 0.06722222 0.22855556],47,-2.2031613458291764e-06,2.2919378771592331e-07,0.0006558000354342275,0,,
8,[0.06722222 0.06722222 0.22855556],48,3.309624142288388e-07,1.4620686406058632e-07,0.0006558000354342275,0,,
8,[0.06722222 0.06722222 0.22855556],49,-9.01643171334259e-09,1.2012107434750686e-07,0.0006558000354342275,0,,
8,[0.06722222 0.06722222 0.22855556],50,-2.5933533258672313e-06,1.95078651221575e-07,0.0006558000354342275,0,,
8,[0.06722222 0.06722222 0.22855556],51,8.996267074892358e-06,1.0014977491945188e-06,0.0006558000354342275,0,,
8,[0.06722222 0.06722222 0.22855556],52,-3.386384030029151e-06,4.5453880322734835e-07,0.0006558000354342275,0,,
8,[0.06722222 0.06722222 0.22855556],53,-0.0002184059636606804,1.236971863408048e-05,0.0006558000354342275,0,,
8,[0.06722222 0.06722222 0.22855556],54,-0.0016371981255574608,8.443841043756773e-05,0.0006558000354342275,0,,
8,[0.06722222 0.06722222 0.22855556],sum,0.0031904009617834145,0.0004279952506637128,0.0006558000354342275,1,0.0031904009617834145,0.0004279952506637128
9,[0.075 0.075 0.255],0,0.06476289788498377,0.01601376528346159,3.4606916148612655e-05,0,,
9,[0.075 0.075 0.255],1,0.0011537213653521807,9.698344115107131e-06,3.4606916148612655e-05,0,,
9,[0.075 0.075 0.255],2,0.002629660936325356,4.912046856098854e-05,3.4606916148612655e-05,0,,
9,[0.075 0.075 0.255],3,-0.17828933539827474,0.002620420239813905,3.4606916148612655e-05,0,,
9,[0.075 0.075 0.255],4,-0.0037464138385076805,1.496177203676493e-05,3.4606916148612655e-05,0,,
9,[0.075 0.075 0.255],5,-0.00605380153923955,9.369123901189507e-05,3.4606916148612655e-05,0,,
9,[0.075 0.075 0.255],6,0.002058904282886512,9.486676475070318e-05,3.4606916148612655e-05,0,,
9,[0.075 0.075 0.255],7,0.0004790407366869225,6.050063830924209e-06,3.4606916148612655e-05,0,,
9,[0.075 0.075 0.255],8,-7.862982026854038e-05,2.238663172447078e-05,3.4606916148612655e-05,0,,
9,[0.075 0.075 0.255],9,0.005776301931214565,0.00027436214363286065,3.4606916148612655e-05,0,,
9,[0.075 0.075 0.255],10,0.0001530996681425945,4.731641312413552e-06,3.4606916148612655e-05,0,,
9,[0.075 0.075 0.255],11,2.783389415569594e-05,1.79551427859737e-06,3.4606916148612655e-05,0,,
9,[0.075 0.075 0.255],12,-2.4868072393551792e-05,6.186765180559456e-06,3.4606916148612655e-05,0,,
9,[0.075 0.075 0.255],13,0.09984635247209497,0.013325061521924168,3.4606916148612655e-05,0,,
9,[0.075 0.075 0.255],14,0.0009858696037828945,4.694170244979315e-06,3.4606916148612655e-05,0,,
9,[0.075 0.075 0.255],15,0.0031921384477958644,4.315741911069696e-05,3.4606916148612655e-05,0,,
9,[0.075 0.075 0.255],16,0.00023206263672367251,4.999904952182113e-06,3.4606916148612655e-05,0,,
9,[0.075 0.075 0.255],17,-2.8820224166904093e-05,8.309339653684291e-07,3.4606916148612655e-05,0,,
9,[0.075 0.075 0.255],18,-0.0003041098980185814,7.204516156046624e-06,3.4606916148612655e-05,0,,
9,[0.075 0.075 0.255],19,0.013907321426564612,9.677378472379128e-05,3.4606916148612655e-05,0,,
9,[0.075 0.075 0.255],20,0.0017191447756916358,7.158127900125436e-06,3.4606916148612655e-05,0,,
9,[0.075 0.075 0.255],21,0.00046150783647531425,1.8189330318108195e-05,3.4606916148612655e-05,0,,
9,[0.075 0.075 0.255],22,-1.3714246260330375e-05,7.816595574310086e-07,3.4606916148612655e-05,0,,
9,[0.075 0.075 0.255],23,4.218382532612728e-06,3.908828827135618e-07,3.4606916148612655e-05,0,,
9,[0.075 0.075 0.255],24,0.0027048259982819824,0.00018802639303880307,3.4606916148612655e-05,0,,
9,[0.075 0.075 0.255],25,-0.00018182669420954838,4.198842669355096e-05,3.4606916148612655e-05,0,,
9,[0.075 0.075 0.255],26,-7.155243988503897e-06,3.167264310078123e-07,3.4606916148612655e-05,0,,
9,[0.075 0.075 0.255],27,3.395340840539556e-05,7.200869193682887e-06,3.4606916148612655e-05,0,,
9,[0.075 0.075 0.255],28,-2.6680197118949143e-05,6.880498821647556e-06,3.4606916148612655e-05,0,,
9,[0.075 0.075 0.255],29,-0.0006224230345569392,3.307432320659327e-05,3.4606916148612655e-05,0,,
9,[0.075 0.075 0.255],30,-0.005626816313071935,0.0002573475940122816,3.4606916148612655e-05,0,,
9,[0.075 0.075 0.255],31,-1.5377663355428246e-07,9.683043471866256e-09,3.4606916148612655e-05,0,,
9,[0.075 0.075 0.255],32,-1.0155825116731634e-08,4.2779945578677585e-10,3.4606916148612655e-05,0,,
9,[0.075 0.075 0.255],33,3.0074916524866398e-05,1.4169358536202596e-05,3.4606916148612655e-05,0,,
9,[0.075 0.075 0.255],34,-2.7311352372552237e-08,1.4929458588830926e-09,3.4606916148612655e-05,0,,
9,[0.075 0.075 0.255],35,-4.390327433405175e-06,2.556491444325277e-07,3.4606916148612655e-05,0,,
9,[0.075 0.075 0.255],36,3.419880308340161e-07,5.8132267483216365e-08,3.4606916148612655e-05,0,,
9,[0.075 0.075 0.255],37,-8.361879941743253e-06,1.3339120342860529e-06,3.4606916148612655e-05,0,,
9,[0.075 0.075 0.255],38,1.0742953051767146e-06,9.620769337803494e-08,3.4606916148612655e-05,0,,
9,[0.075 0.075 0.255],39,0.0008798956294456494,6.122673866393742e-05,3.4606916148612655e-05,0,,
9,[0.075 0.075 0.255],40,-6.03891756999218e-06,1.778734179103595e-07,3.4606916148612655e-05,0,,
9,[0.075 0.075 0.255],41,-1.7810623692990427e-07,1.1122815159442948e-08,3.4606916148612655e-05,0,,
9,[0.075 0.075 0.255],42,-1.430747480024521e-07,5.108240572129714e-09,3.4606916148612655e-05,0,,
9,[0.075 0.075 0.255],43,4.700860306721387e-08,2.703959466679285e-09,3.4606916148612655e-05,0,,
9,[0.075 0.075 0.255],44,-1.01107666900168e-06,5.246103822763627e-08,3.4606916148612655e-05,0,,
9,[0.075 0.075 0.255],45,-0.00010899688624220279,2.8280131965057192e-05,3.4606916148612655e-05,0,,
9,[0.075 0.075 0.255],46,-1.670536184207411e-07,5.433679267705828e-09,3.4606916148612655e-05,0,,
9,[0.075 0.075 0.255],47,-2.0399214750239497e-06,1.0088569953361146e-07,3.4606916148612655e-05,0,,
9,[0.075 0.075 0.255],48,1.6824350963342972e-06,6.513092706864825e-07,3.4606916148612655e-05,0,,
9,[0.075 0.075 0.255],49,-1.1806078664160964e-06,5.874609642624498e-07,3.4606916148612655e-05,0,,
9,[0.075 0.075 0.255],50,-4.455906859365599e-06,5.947573842576194e-07,3.4606916148612655e-05,0,,
9,[0.075 0.075 0.255],51,1.941381016844332e-05,3.7497124076753284e-06,3.4606916148612655e-05,0,,
9,[0.075 0.075 0.255],52,-7.759799782780676e-06,1.8074171647319214e-06,3.4606916148612655e-05,0,,
9,[0.075 0.075 0.255],53,-0.0002020073612995575,1.0794554114903161e-05,3.4606916148612655e-05,0,,
9,[0.075 0.075 0.255],54,-0.0018308138995892236,8.521678595403427e-05,3.4606916148612655e-05,0,,
9,[0.075 0.075 0.255],sum,0.0038790551880520468,0.00034418598798880394,3.4606916148612655e-05,1,0.0038790551880520468,0.00034418598798880394
